INSERT INTO app_user (id, first_name, last_name, email, role, password, confirmed_password, age, city, country, gender, description, facebook_link, twitter_link, google_link, vkontakte_link, linkedIn_link, instagram_link) VALUES (1, 'Eugene', 'Deyneka','admin@gmail.com', 'ROLE_ADMIN', 'admin', 'admin', 23, 'Kiev', 'Ukraine', 'Male', 'London is a capital of Great Britain!', 'https://www.facebook.com/', '', '', 'https://vk.com/', '', '');
INSERT INTO app_user (id, first_name, last_name, email, role, password, confirmed_password, age, city, country, gender, description, facebook_link, twitter_link, google_link, vkontakte_link, linkedIn_link, instagram_link) VALUES (2, 'Eugene', 'Deyneka','user@gmail.com', 'ROLE_USER', 'user', 'user', 23, 'Kiev', 'Ukraine', 'Male', 'London is a capital of Great Britain!', 'https://www.facebook.com/', '', '', 'https://vk.com/', '', '');
INSERT INTO app_user (id, first_name, last_name, email, role, password, confirmed_password, age, city, country, gender, description, facebook_link, twitter_link, google_link, vkontakte_link, linkedIn_link, instagram_link) VALUES (3, 'Pablo', '', 'Pablo@gmail.com', 'ROLE_USER', 'flMiegqh', 'flMiegqh', 85, '', 'Ethiopia', 'Male', 'London is a capital of Great Britain!', 'https://www.facebook.com/', '', '', 'https://vk.com/', 'https://plus.google.com/', '');
INSERT INTO app_user (id, first_name, last_name, email, role, password, confirmed_password, age, city, country, gender, description, facebook_link, twitter_link, google_link, vkontakte_link, linkedIn_link, instagram_link) VALUES (4, 'Vince ', '', 'Vince @rambler.ru', 'ROLE_USER', 'MffKSpTp', 'MffKSpTp', 34, '', 'Uruguay', 'Male', 'London is a capital of Great Britain!', 'https://www.facebook.com/', 'https://www.twitter.com/', '', '', '', '');
INSERT INTO app_user (id, first_name, last_name, email, role, password, confirmed_password, age, city, country, gender, description, facebook_link, twitter_link, google_link, vkontakte_link, linkedIn_link, instagram_link) VALUES (5, 'Graham', '', 'Graham@mail.ru', 'ROLE_USER', 'VSSsZpzz', 'VSSsZpzz', 107, '', 'Laos', 'Male', 'London is a capital of Great Britain!', 'https://www.facebook.com/', '', '', 'https://vk.com/', 'https://plus.google.com/', '');
INSERT INTO app_user (id, first_name, last_name, email, role, password, confirmed_password, age, city, country, gender, description, facebook_link, twitter_link, google_link, vkontakte_link, linkedIn_link, instagram_link) VALUES (6, 'Juan', '', 'Juan@mail.ru', 'ROLE_USER', 'VSUhQmaw', 'VSUhQmaw', 109, '', 'Martinique', 'Male', 'London is a capital of Great Britain!', 'https://www.facebook.com/', 'https://www.twitter.com/', '', '', 'https://plus.google.com/', '');
INSERT INTO app_user (id, first_name, last_name, email, role, password, confirmed_password, age, city, country, gender, description, facebook_link, twitter_link, google_link, vkontakte_link, linkedIn_link, instagram_link) VALUES (7, 'Benny', '', 'Benny@gmail.com', 'ROLE_USER', 'tdhuiwKw', 'tdhuiwKw', 114, '', 'Bangladesh', 'Male', 'London is a capital of Great Britain!', '', '', '', 'https://vk.com/', 'https://plus.google.com/', '');
INSERT INTO app_user (id, first_name, last_name, email, role, password, confirmed_password, age, city, country, gender, description, facebook_link, twitter_link, google_link, vkontakte_link, linkedIn_link, instagram_link) VALUES (8, 'Antoinette', '', 'Antoinette@ukr.net', 'ROLE_USER', 'wuwoadsq', 'wuwoadsq', 52, '', 'Iran', 'Female', 'London is a capital of Great Britain!', '', 'https://www.twitter.com/', 'https://plus.google.com/', '', '', '');
INSERT INTO app_user (id, first_name, last_name, email, role, password, confirmed_password, age, city, country, gender, description, facebook_link, twitter_link, google_link, vkontakte_link, linkedIn_link, instagram_link) VALUES (9, 'Brittny', '', 'Brittny@mail.ru', 'ROLE_USER', 'eOuQNhyn', 'eOuQNhyn', 19, '', 'Bonaire, Sint Eustatius and Saba', 'Female', 'London is a capital of Great Britain!', '', 'https://www.twitter.com/', 'https://plus.google.com/', 'https://vk.com/', 'https://plus.google.com/', 'https://www.instagram.com/');
INSERT INTO app_user (id, first_name, last_name, email, role, password, confirmed_password, age, city, country, gender, description, facebook_link, twitter_link, google_link, vkontakte_link, linkedIn_link, instagram_link) VALUES (10, 'Ara', '', 'Ara@ukr.net', 'ROLE_USER', 'xiuMPivw', 'xiuMPivw', 72, '', 'Benin', 'Female', 'London is a capital of Great Britain!', '', 'https://www.twitter.com/', '', '', '', '');
INSERT INTO app_user (id, first_name, last_name, email, role, password, confirmed_password, age, city, country, gender, description, facebook_link, twitter_link, google_link, vkontakte_link, linkedIn_link, instagram_link) VALUES (11, 'Celestina', '', 'Celestina@gmail.com', 'ROLE_USER', 'pJLWVUlp', 'pJLWVUlp', 27, '', 'Burkina Faso', 'Female', 'London is a capital of Great Britain!', '', '', '', '', '', '');
INSERT INTO app_user (id, first_name, last_name, email, role, password, confirmed_password, age, city, country, gender, description, facebook_link, twitter_link, google_link, vkontakte_link, linkedIn_link, instagram_link) VALUES (12, 'Sylvester', '', 'Sylvester@ukr.net', 'ROLE_USER', 'fbtwyvtn', 'fbtwyvtn', 66, '', 'Vanuatu', 'Male', 'London is a capital of Great Britain!', '', '', 'https://plus.google.com/', 'https://vk.com/', '', 'https://www.instagram.com/');

INSERT INTO native_language (id, name, user_id) VALUES ('1', 'Kannada', '3');
INSERT INTO native_language (id, name, user_id) VALUES ('2', 'Kirghiz', '3');
INSERT INTO native_language (id, name, user_id) VALUES ('3', 'Danish', '3');
INSERT INTO native_language (id, name, user_id) VALUES ('4', 'Telugu', '4');
INSERT INTO native_language (id, name, user_id) VALUES ('5', 'English', '4');
INSERT INTO native_language (id, name, user_id) VALUES ('6', 'Turkish', '4');
INSERT INTO native_language (id, name, user_id) VALUES ('7', 'Mongolian', '4');
INSERT INTO native_language (id, name, user_id) VALUES ('8', 'Panjabi', '4');
INSERT INTO native_language (id, name, user_id) VALUES ('9', 'Azerbaijanian', '4');
INSERT INTO native_language (id, name, user_id) VALUES ('10', 'Burmese', '5');
INSERT INTO native_language (id, name, user_id) VALUES ('11', 'Turkmen', '5');
INSERT INTO native_language (id, name, user_id) VALUES ('12', 'Latin', '5');
INSERT INTO native_language (id, name, user_id) VALUES ('13', 'Hawaiian', '5');
INSERT INTO native_language (id, name, user_id) VALUES ('14', 'Zulu', '6');
INSERT INTO native_language (id, name, user_id) VALUES ('15', 'Bosnian', '6');
INSERT INTO native_language (id, name, user_id) VALUES ('16', 'Ainu', '6');
INSERT INTO native_language (id, name, user_id) VALUES ('17', 'Udmurt', '6');
INSERT INTO native_language (id, name, user_id) VALUES ('18', 'Ainu', '7');
INSERT INTO native_language (id, name, user_id) VALUES ('19', 'Turkmen', '7');
INSERT INTO native_language (id, name, user_id) VALUES ('20', 'Tagalog', '7');
INSERT INTO native_language (id, name, user_id) VALUES ('21', 'Cantonese', '7');
INSERT INTO native_language (id, name, user_id) VALUES ('22', 'Croatian', '7');
INSERT INTO native_language (id, name, user_id) VALUES ('23', 'Slavic', '7');
INSERT INTO native_language (id, name, user_id) VALUES ('24', 'Gaelic', '8');
INSERT INTO native_language (id, name, user_id) VALUES ('25', 'Sanskrit', '8');
INSERT INTO native_language (id, name, user_id) VALUES ('26', 'Urdu', '8');
INSERT INTO native_language (id, name, user_id) VALUES ('27', 'Navajo', '8');
INSERT INTO native_language (id, name, user_id) VALUES ('28', 'Haitian', '9');
INSERT INTO native_language (id, name, user_id) VALUES ('29', 'Portuguese (Brazil)', '9');
INSERT INTO native_language (id, name, user_id) VALUES ('30', 'Lojban', '10');
INSERT INTO native_language (id, name, user_id) VALUES ('31', 'Tongan', '10');
INSERT INTO native_language (id, name, user_id) VALUES ('32', 'Ainu', '10');
INSERT INTO native_language (id, name, user_id) VALUES ('33', 'Pashto', '10');
INSERT INTO native_language (id, name, user_id) VALUES ('34', 'English', '11');
INSERT INTO native_language (id, name, user_id) VALUES ('35', 'Chinese Traditional', '11');
INSERT INTO native_language (id, name, user_id) VALUES ('36', 'Portuguese (Brazil)', '11');
INSERT INTO native_language (id, name, user_id) VALUES ('37', 'Croatian', '11');
INSERT INTO native_language (id, name, user_id) VALUES ('38', 'Basque', '11');
INSERT INTO native_language (id, name, user_id) VALUES ('39', 'Tongan', '11');
INSERT INTO native_language (id, name, user_id) VALUES ('40', 'Ossetic', '12');
INSERT INTO native_language (id, name, user_id) VALUES ('41', 'Hebrew', '12');
INSERT INTO native_language (id, name, user_id) VALUES ('42', 'Uzbek', '12');
INSERT INTO native_language (id, name, user_id) VALUES ('43', 'Bihari', '12');
INSERT INTO native_language (id, name, user_id) VALUES ('44', 'Navajo', '12');
INSERT INTO native_language (id, name, user_id) VALUES ('45', 'Laotian', '12');

INSERT INTO practicing_language (id, name, user_id) VALUES ('1', 'Bengali', '3');
INSERT INTO practicing_language (id, name, user_id) VALUES ('2', 'Tamil', '3');
INSERT INTO practicing_language (id, name, user_id) VALUES ('3', 'Sanskrit', '3');
INSERT INTO practicing_language (id, name, user_id) VALUES ('4', 'Telugu', '3');
INSERT INTO practicing_language (id, name, user_id) VALUES ('5', 'Serbian', '3');
INSERT INTO practicing_language (id, name, user_id) VALUES ('6', 'Cantonese', '3');
INSERT INTO practicing_language (id, name, user_id) VALUES ('7', 'Arabic', '4');
INSERT INTO practicing_language (id, name, user_id) VALUES ('8', 'Slovenian', '4');
INSERT INTO practicing_language (id, name, user_id) VALUES ('9', 'Kannada', '4');
INSERT INTO practicing_language (id, name, user_id) VALUES ('10', 'Ukrainian', '4');
INSERT INTO practicing_language (id, name, user_id) VALUES ('11', 'Bihari', '4');
INSERT INTO practicing_language (id, name, user_id) VALUES ('12', 'Albanian', '4');
INSERT INTO practicing_language (id, name, user_id) VALUES ('13', 'Tamil', '5');
INSERT INTO practicing_language (id, name, user_id) VALUES ('14', 'Sinhalese', '5');
INSERT INTO practicing_language (id, name, user_id) VALUES ('15', 'Zulu', '5');
INSERT INTO practicing_language (id, name, user_id) VALUES ('16', 'Kirghiz', '5');
INSERT INTO practicing_language (id, name, user_id) VALUES ('17', 'Udmurt', '5');
INSERT INTO practicing_language (id, name, user_id) VALUES ('18', 'Bihari', '5');
INSERT INTO practicing_language (id, name, user_id) VALUES ('19', 'Sinhalese', '6');
INSERT INTO practicing_language (id, name, user_id) VALUES ('20', 'Tamil', '6');
INSERT INTO practicing_language (id, name, user_id) VALUES ('21', 'Georgian', '6');
INSERT INTO practicing_language (id, name, user_id) VALUES ('22', 'Lojban', '6');
INSERT INTO practicing_language (id, name, user_id) VALUES ('23', 'Portuguese (Brazil)', '6');
INSERT INTO practicing_language (id, name, user_id) VALUES ('24', 'Hungarian', '6');
INSERT INTO practicing_language (id, name, user_id) VALUES ('25', 'Navajo', '7');
INSERT INTO practicing_language (id, name, user_id) VALUES ('26', 'Bihari', '7');
INSERT INTO practicing_language (id, name, user_id) VALUES ('27', 'Persian', '7');
INSERT INTO practicing_language (id, name, user_id) VALUES ('28', 'Burmese', '7');
INSERT INTO practicing_language (id, name, user_id) VALUES ('29', 'Flemish', '7');
INSERT INTO practicing_language (id, name, user_id) VALUES ('30', 'Tibetan', '7');
INSERT INTO practicing_language (id, name, user_id) VALUES ('31', 'Albanian', '8');
INSERT INTO practicing_language (id, name, user_id) VALUES ('32', 'Portuguese (Brazil)', '8');
INSERT INTO practicing_language (id, name, user_id) VALUES ('33', 'Latin', '8');
INSERT INTO practicing_language (id, name, user_id) VALUES ('34', 'Tagalog', '9');
INSERT INTO practicing_language (id, name, user_id) VALUES ('35', 'Greek', '9');
INSERT INTO practicing_language (id, name, user_id) VALUES ('36', 'Lojban', '9');
INSERT INTO practicing_language (id, name, user_id) VALUES ('37', 'Portuguese (Brazil)', '9');
INSERT INTO practicing_language (id, name, user_id) VALUES ('38', 'Tamil', '10');
INSERT INTO practicing_language (id, name, user_id) VALUES ('39', 'Breton', '10');
INSERT INTO practicing_language (id, name, user_id) VALUES ('40', 'Gaelic', '11');
INSERT INTO practicing_language (id, name, user_id) VALUES ('41', 'Lithuanian', '11');
INSERT INTO practicing_language (id, name, user_id) VALUES ('42', 'Czech', '11');
INSERT INTO practicing_language (id, name, user_id) VALUES ('43', 'Mandarin', '11');
INSERT INTO practicing_language (id, name, user_id) VALUES ('44', 'Georgian', '12');
INSERT INTO practicing_language (id, name, user_id) VALUES ('45', 'German', '12');
INSERT INTO practicing_language (id, name, user_id) VALUES ('46', 'Korean', '12');
INSERT INTO practicing_language (id, name, user_id) VALUES ('47', 'Faroese', '12');
INSERT INTO practicing_language (id, name, user_id) VALUES ('48', 'Malay', '12');