INSERT INTO app_user (id, first_name, last_name, email, role, password, confirmed_password, age, city, country, gender, description, facebook_link, twitter_link, google_link, vkontakte_link, linkedIn_link, instagram_link) VALUES (1, 'Eugene', 'Deyneka','admin@gmail.com', 'ROLE_ADMIN', 'admin', 'admin', 23, 'Kiev', 'Ukraine', 'Male', 'London is a capital of Great Britain!', 'https://www.facebook.com/', '', '', 'https://vk.com/', '', '');
INSERT INTO app_user (id, first_name, last_name, email, role, password, confirmed_password, age, city, country, gender, description, facebook_link, twitter_link, google_link, vkontakte_link, linkedIn_link, instagram_link) VALUES (2, 'Eugene', 'Deyneka','user@gmail.com', 'ROLE_USER', 'user', 'user', 23, 'Kiev', 'Ukraine', 'Male', 'London is a capital of Great Britain!', 'https://www.facebook.com/', '', '', 'https://vk.com/', '', '');
INSERT INTO app_user (id, first_name, last_name, email, role, password, confirmed_password, age, city, country, gender, description, facebook_link, twitter_link, google_link, vkontakte_link, linkedIn_link, instagram_link) VALUES (3, 'Luann', '', 'Luann@mail.ru', 'ROLE_USER', 'ZjagejoV', 'ZjagejoV', 88, '', 'Curaçao', 'Female', 'London is a capital of Great Britain!', '', '', '', 'https://vk.com/', 'https://plus.google.com/', '');
INSERT INTO app_user (id, first_name, last_name, email, role, password, confirmed_password, age, city, country, gender, description, facebook_link, twitter_link, google_link, vkontakte_link, linkedIn_link, instagram_link) VALUES (4, 'Jacki', '', 'Jacki@ukr.net', 'ROLE_USER', 'PojokOgW', 'PojokOgW', 73, '', 'Haiti', 'Female', 'London is a capital of Great Britain!', 'https://www.facebook.com/', 'https://www.twitter.com/', 'https://plus.google.com/', 'https://vk.com/', 'https://plus.google.com/', '');
INSERT INTO app_user (id, first_name, last_name, email, role, password, confirmed_password, age, city, country, gender, description, facebook_link, twitter_link, google_link, vkontakte_link, linkedIn_link, instagram_link) VALUES (5, 'Napoleon', '', 'Napoleon@ukr.net', 'ROLE_USER', 'cKbQusfS', 'cKbQusfS', 111, '', 'Central African Republic', 'Male', 'London is a capital of Great Britain!', 'https://www.facebook.com/', 'https://www.twitter.com/', 'https://plus.google.com/', 'https://vk.com/', '', 'https://www.instagram.com/');
INSERT INTO app_user (id, first_name, last_name, email, role, password, confirmed_password, age, city, country, gender, description, facebook_link, twitter_link, google_link, vkontakte_link, linkedIn_link, instagram_link) VALUES (6, 'Chi', '', 'Chi@rambler.ru', 'ROLE_USER', 'OoKUgkxX', 'OoKUgkxX', 37, '', 'Thailand', 'Male', 'London is a capital of Great Britain!', '', 'https://www.twitter.com/', 'https://plus.google.com/', 'https://vk.com/', 'https://plus.google.com/', 'https://www.instagram.com/');
INSERT INTO app_user (id, first_name, last_name, email, role, password, confirmed_password, age, city, country, gender, description, facebook_link, twitter_link, google_link, vkontakte_link, linkedIn_link, instagram_link) VALUES (7, 'Tim', '', 'Tim@rambler.ru', 'ROLE_USER', 'OwLzLsvg', 'OwLzLsvg', 20, '', 'South Georgia And The South Sandwich Islands', 'Male', 'London is a capital of Great Britain!', 'https://www.facebook.com/', '', '', '', '', 'https://www.instagram.com/');
INSERT INTO app_user (id, first_name, last_name, email, role, password, confirmed_password, age, city, country, gender, description, facebook_link, twitter_link, google_link, vkontakte_link, linkedIn_link, instagram_link) VALUES (8, 'Diamond', '', 'Diamond@ukr.net', 'ROLE_USER', 'buymvcse', 'buymvcse', 64, '', 'Belgium', 'Female', 'London is a capital of Great Britain!', '', '', 'https://plus.google.com/', 'https://vk.com/', '', '');
INSERT INTO app_user (id, first_name, last_name, email, role, password, confirmed_password, age, city, country, gender, description, facebook_link, twitter_link, google_link, vkontakte_link, linkedIn_link, instagram_link) VALUES (9, 'Miguel', '', 'Miguel@rambler.ru', 'ROLE_USER', 'fsoVLjkZ', 'fsoVLjkZ', 22, '', 'Australia', 'Male', 'London is a capital of Great Britain!', 'https://www.facebook.com/', '', '', 'https://vk.com/', 'https://plus.google.com/', 'https://www.instagram.com/');
INSERT INTO app_user (id, first_name, last_name, email, role, password, confirmed_password, age, city, country, gender, description, facebook_link, twitter_link, google_link, vkontakte_link, linkedIn_link, instagram_link) VALUES (10, 'Kelsi', '', 'Kelsi@gmail.com', 'ROLE_USER', 'oiiZuKYh', 'oiiZuKYh', 10, '', 'French Southern Territories', 'Female', 'London is a capital of Great Britain!', '', 'https://www.twitter.com/', '', '', 'https://plus.google.com/', '');
INSERT INTO app_user (id, first_name, last_name, email, role, password, confirmed_password, age, city, country, gender, description, facebook_link, twitter_link, google_link, vkontakte_link, linkedIn_link, instagram_link) VALUES (11, 'Kelsi', '', 'Kelsi@gmail.com', 'ROLE_USER', 'eogfTPQO', 'eogfTPQO', 117, '', 'Peru', 'Female', 'London is a capital of Great Britain!', 'https://www.facebook.com/', 'https://www.twitter.com/', 'https://plus.google.com/', '', 'https://plus.google.com/', 'https://www.instagram.com/');
INSERT INTO app_user (id, first_name, last_name, email, role, password, confirmed_password, age, city, country, gender, description, facebook_link, twitter_link, google_link, vkontakte_link, linkedIn_link, instagram_link) VALUES (12, 'Gerard', '', 'Gerard@mail.ru', 'ROLE_USER', 'jZrltJUh', 'jZrltJUh', 106, '', 'Saint Kitts And Nevis', 'Male', 'London is a capital of Great Britain!', '', '', 'https://plus.google.com/', 'https://vk.com/', '', 'https://www.instagram.com/');
INSERT INTO app_user (id, first_name, last_name, email, role, password, confirmed_password, age, city, country, gender, description, facebook_link, twitter_link, google_link, vkontakte_link, linkedIn_link, instagram_link) VALUES (13, 'Marvin', '', 'Marvin@ukr.net', 'ROLE_USER', 'iJZXXOla', 'iJZXXOla', 74, '', 'Ghana', 'Male', 'London is a capital of Great Britain!', '', '', 'https://plus.google.com/', 'https://vk.com/', '', 'https://www.instagram.com/');
INSERT INTO app_user (id, first_name, last_name, email, role, password, confirmed_password, age, city, country, gender, description, facebook_link, twitter_link, google_link, vkontakte_link, linkedIn_link, instagram_link) VALUES (14, 'Jacki', '', 'Jacki@mail.ru', 'ROLE_USER', 'eWwdxJPw', 'eWwdxJPw', 71, '', 'Pakistan', 'Female', 'London is a capital of Great Britain!', 'https://www.facebook.com/', 'https://www.twitter.com/', 'https://plus.google.com/', 'https://vk.com/', '', '');
INSERT INTO app_user (id, first_name, last_name, email, role, password, confirmed_password, age, city, country, gender, description, facebook_link, twitter_link, google_link, vkontakte_link, linkedIn_link, instagram_link) VALUES (15, 'Randy', '', 'Randy@rambler.ru', 'ROLE_USER', 'mTUvhVZd', 'mTUvhVZd', 56, '', 'Seychelles', 'Male', 'London is a capital of Great Britain!', 'https://www.facebook.com/', 'https://www.twitter.com/', 'https://plus.google.com/', '', 'https://plus.google.com/', '');
INSERT INTO app_user (id, first_name, last_name, email, role, password, confirmed_password, age, city, country, gender, description, facebook_link, twitter_link, google_link, vkontakte_link, linkedIn_link, instagram_link) VALUES (16, 'Josue', '', 'Josue@gmail.com', 'ROLE_USER', 'JVsfvvLw', 'JVsfvvLw', 100, '', 'New Zealand', 'Male', 'London is a capital of Great Britain!', '', 'https://www.twitter.com/', '', 'https://vk.com/', 'https://plus.google.com/', '');
INSERT INTO app_user (id, first_name, last_name, email, role, password, confirmed_password, age, city, country, gender, description, facebook_link, twitter_link, google_link, vkontakte_link, linkedIn_link, instagram_link) VALUES (17, 'Juan', '', 'Juan@gmail.com', 'ROLE_USER', 'cwcgUSge', 'cwcgUSge', 92, '', 'Guernsey', 'Male', 'London is a capital of Great Britain!', '', 'https://www.twitter.com/', '', 'https://vk.com/', '', 'https://www.instagram.com/');
INSERT INTO app_user (id, first_name, last_name, email, role, password, confirmed_password, age, city, country, gender, description, facebook_link, twitter_link, google_link, vkontakte_link, linkedIn_link, instagram_link) VALUES (18, 'Hyun', '', 'Hyun@ukr.net', 'ROLE_USER', 'TOPesTuS', 'TOPesTuS', 58, '', 'Egypt', 'Female', 'London is a capital of Great Britain!', 'https://www.facebook.com/', '', 'https://plus.google.com/', '', '', 'https://www.instagram.com/');
INSERT INTO app_user (id, first_name, last_name, email, role, password, confirmed_password, age, city, country, gender, description, facebook_link, twitter_link, google_link, vkontakte_link, linkedIn_link, instagram_link) VALUES (19, 'Celestine', '', 'Celestine@mail.ru', 'ROLE_USER', 'yvwbPaUT', 'yvwbPaUT', 67, '', 'Tokelau', 'Female', 'London is a capital of Great Britain!', 'https://www.facebook.com/', '', 'https://plus.google.com/', 'https://vk.com/', 'https://plus.google.com/', 'https://www.instagram.com/');
INSERT INTO app_user (id, first_name, last_name, email, role, password, confirmed_password, age, city, country, gender, description, facebook_link, twitter_link, google_link, vkontakte_link, linkedIn_link, instagram_link) VALUES (20, 'Tim', '', 'Tim@gmail.com', 'ROLE_USER', 'dxoWkZzy', 'dxoWkZzy', 27, '', 'Philippines', 'Male', 'London is a capital of Great Britain!', 'https://www.facebook.com/', '', 'https://plus.google.com/', 'https://vk.com/', '', 'https://www.instagram.com/');
INSERT INTO app_user (id, first_name, last_name, email, role, password, confirmed_password, age, city, country, gender, description, facebook_link, twitter_link, google_link, vkontakte_link, linkedIn_link, instagram_link) VALUES (21, 'Danilo', '', 'Danilo@rambler.ru', 'ROLE_USER', 'jpYedbvk', 'jpYedbvk', 109, '', 'Colombia', 'Male', 'London is a capital of Great Britain!', '', '', '', 'https://vk.com/', '', '');
INSERT INTO app_user (id, first_name, last_name, email, role, password, confirmed_password, age, city, country, gender, description, facebook_link, twitter_link, google_link, vkontakte_link, linkedIn_link, instagram_link) VALUES (22, 'Cherish', '', 'Cherish@ukr.net', 'ROLE_USER', 'JiJNqYQJ', 'JiJNqYQJ', 31, '', 'Mali', 'Female', 'London is a capital of Great Britain!', '', 'https://www.twitter.com/', 'https://plus.google.com/', '', 'https://plus.google.com/', '');
INSERT INTO app_user (id, first_name, last_name, email, role, password, confirmed_password, age, city, country, gender, description, facebook_link, twitter_link, google_link, vkontakte_link, linkedIn_link, instagram_link) VALUES (23, 'Josue', '', 'Josue@mail.ru', 'ROLE_USER', 'WOSTzjyW', 'WOSTzjyW', 109, '', 'Jersey', 'Male', 'London is a capital of Great Britain!', '', 'https://www.twitter.com/', '', '', 'https://plus.google.com/', '');
INSERT INTO app_user (id, first_name, last_name, email, role, password, confirmed_password, age, city, country, gender, description, facebook_link, twitter_link, google_link, vkontakte_link, linkedIn_link, instagram_link) VALUES (24, 'Shanice', '', 'Shanice@ukr.net', 'ROLE_USER', 'LrQUgdlM', 'LrQUgdlM', 59, '', 'Mozambique', 'Female', 'London is a capital of Great Britain!', 'https://www.facebook.com/', 'https://www.twitter.com/', 'https://plus.google.com/', '', '', 'https://www.instagram.com/');
INSERT INTO app_user (id, first_name, last_name, email, role, password, confirmed_password, age, city, country, gender, description, facebook_link, twitter_link, google_link, vkontakte_link, linkedIn_link, instagram_link) VALUES (25, 'Myron', '', 'Myron@gmail.com', 'ROLE_USER', 'RgmXXVyn', 'RgmXXVyn', 39, '', 'Papua New Guinea', 'Male', 'London is a capital of Great Britain!', 'https://www.facebook.com/', '', '', '', '', '');
INSERT INTO app_user (id, first_name, last_name, email, role, password, confirmed_password, age, city, country, gender, description, facebook_link, twitter_link, google_link, vkontakte_link, linkedIn_link, instagram_link) VALUES (26, 'Isiahn', '', 'Isiahn@rambler.ru', 'ROLE_USER', 'xVhXaMcQ', 'xVhXaMcQ', 93, '', 'Serbia', 'Male', 'London is a capital of Great Britain!', 'https://www.facebook.com/', '', '', '', 'https://plus.google.com/', '');
INSERT INTO app_user (id, first_name, last_name, email, role, password, confirmed_password, age, city, country, gender, description, facebook_link, twitter_link, google_link, vkontakte_link, linkedIn_link, instagram_link) VALUES (27, 'Raquel', '', 'Raquel@ukr.net', 'ROLE_USER', 'kiqLdkMR', 'kiqLdkMR', 110, '', 'Norway', 'Female', 'London is a capital of Great Britain!', '', '', '', '', 'https://plus.google.com/', 'https://www.instagram.com/');
INSERT INTO app_user (id, first_name, last_name, email, role, password, confirmed_password, age, city, country, gender, description, facebook_link, twitter_link, google_link, vkontakte_link, linkedIn_link, instagram_link) VALUES (28, 'Pablo', '', 'Pablo@ukr.net', 'ROLE_USER', 'pmvUtnOT', 'pmvUtnOT', 75, '', 'American Samoa', 'Male', 'London is a capital of Great Britain!', 'https://www.facebook.com/', '', 'https://plus.google.com/', 'https://vk.com/', '', '');
INSERT INTO app_user (id, first_name, last_name, email, role, password, confirmed_password, age, city, country, gender, description, facebook_link, twitter_link, google_link, vkontakte_link, linkedIn_link, instagram_link) VALUES (29, 'Columbus', '', 'Columbus@ukr.net', 'ROLE_USER', 'twOzoYMe', 'twOzoYMe', 60, '', 'Guyana', 'Male', 'London is a capital of Great Britain!', 'https://www.facebook.com/', 'https://www.twitter.com/', 'https://plus.google.com/', 'https://vk.com/', '', 'https://www.instagram.com/');
INSERT INTO app_user (id, first_name, last_name, email, role, password, confirmed_password, age, city, country, gender, description, facebook_link, twitter_link, google_link, vkontakte_link, linkedIn_link, instagram_link) VALUES (30, 'Xiomara', '', 'Xiomara@ukr.net', 'ROLE_USER', 'WNfhnRSU', 'WNfhnRSU', 19, '', 'Antigua and Barbuda', 'Female', 'London is a capital of Great Britain!', '', '', '', 'https://vk.com/', 'https://plus.google.com/', 'https://www.instagram.com/');
INSERT INTO app_user (id, first_name, last_name, email, role, password, confirmed_password, age, city, country, gender, description, facebook_link, twitter_link, google_link, vkontakte_link, linkedIn_link, instagram_link) VALUES (31, 'Graham', '', 'Graham@mail.ru', 'ROLE_USER', 'cSfsuNch', 'cSfsuNch', 24, '', 'Brunei', 'Male', 'London is a capital of Great Britain!', '', 'https://www.twitter.com/', '', '', '', '');
INSERT INTO app_user (id, first_name, last_name, email, role, password, confirmed_password, age, city, country, gender, description, facebook_link, twitter_link, google_link, vkontakte_link, linkedIn_link, instagram_link) VALUES (32, 'Geraldine', '', 'Geraldine@mail.ru', 'ROLE_USER', 'ahldUPtq', 'ahldUPtq', 107, '', 'New Zealand', 'Female', 'London is a capital of Great Britain!', 'https://www.facebook.com/', 'https://www.twitter.com/', '', '', '', 'https://www.instagram.com/');
INSERT INTO app_user (id, first_name, last_name, email, role, password, confirmed_password, age, city, country, gender, description, facebook_link, twitter_link, google_link, vkontakte_link, linkedIn_link, instagram_link) VALUES (33, 'Katerine', '', 'Katerine@rambler.ru', 'ROLE_USER', 'xRSbuUZQ', 'xRSbuUZQ', 25, '', 'Guatemala', 'Female', 'London is a capital of Great Britain!', '', 'https://www.twitter.com/', '', 'https://vk.com/', '', 'https://www.instagram.com/');
INSERT INTO app_user (id, first_name, last_name, email, role, password, confirmed_password, age, city, country, gender, description, facebook_link, twitter_link, google_link, vkontakte_link, linkedIn_link, instagram_link) VALUES (34, 'Jerilyn', '', 'Jerilyn@rambler.ru', 'ROLE_USER', 'nrtzRWOb', 'nrtzRWOb', 86, '', 'Turkmenistan', 'Female', 'London is a capital of Great Britain!', '', 'https://www.twitter.com/', 'https://plus.google.com/', 'https://vk.com/', 'https://plus.google.com/', 'https://www.instagram.com/');
INSERT INTO app_user (id, first_name, last_name, email, role, password, confirmed_password, age, city, country, gender, description, facebook_link, twitter_link, google_link, vkontakte_link, linkedIn_link, instagram_link) VALUES (35, 'Marica', '', 'Marica@gmail.com', 'ROLE_USER', 'WLdirqdv', 'WLdirqdv', 23, '', 'Uruguay', 'Female', 'London is a capital of Great Britain!', 'https://www.facebook.com/', 'https://www.twitter.com/', 'https://plus.google.com/', '', '', '');
INSERT INTO app_user (id, first_name, last_name, email, role, password, confirmed_password, age, city, country, gender, description, facebook_link, twitter_link, google_link, vkontakte_link, linkedIn_link, instagram_link) VALUES (36, 'Danilo', '', 'Danilo@ukr.net', 'ROLE_USER', 'tRbXpzgO', 'tRbXpzgO', 111, '', 'Kenya', 'Male', 'London is a capital of Great Britain!', 'https://www.facebook.com/', '', '', '', 'https://plus.google.com/', 'https://www.instagram.com/');
INSERT INTO app_user (id, first_name, last_name, email, role, password, confirmed_password, age, city, country, gender, description, facebook_link, twitter_link, google_link, vkontakte_link, linkedIn_link, instagram_link) VALUES (37, 'Jerald', '', 'Jerald@rambler.ru', 'ROLE_USER', 'cmphZmQu', 'cmphZmQu', 42, '', 'Mozambique', 'Male', 'London is a capital of Great Britain!', '', 'https://www.twitter.com/', '', '', '', 'https://www.instagram.com/');
INSERT INTO app_user (id, first_name, last_name, email, role, password, confirmed_password, age, city, country, gender, description, facebook_link, twitter_link, google_link, vkontakte_link, linkedIn_link, instagram_link) VALUES (38, 'Shawn', '', 'Shawn@ukr.net', 'ROLE_USER', 'WPcnhnLe', 'WPcnhnLe', 114, '', 'Mexico', 'Male', 'London is a capital of Great Britain!', 'https://www.facebook.com/', 'https://www.twitter.com/', 'https://plus.google.com/', 'https://vk.com/', 'https://plus.google.com/', 'https://www.instagram.com/');
INSERT INTO app_user (id, first_name, last_name, email, role, password, confirmed_password, age, city, country, gender, description, facebook_link, twitter_link, google_link, vkontakte_link, linkedIn_link, instagram_link) VALUES (39, 'Ebonie', '', 'Ebonie@rambler.ru', 'ROLE_USER', 'PnyWqQgc', 'PnyWqQgc', 89, '', 'Mauritania', 'Female', 'London is a capital of Great Britain!', '', 'https://www.twitter.com/', 'https://plus.google.com/', '', 'https://plus.google.com/', '');
INSERT INTO app_user (id, first_name, last_name, email, role, password, confirmed_password, age, city, country, gender, description, facebook_link, twitter_link, google_link, vkontakte_link, linkedIn_link, instagram_link) VALUES (40, 'Octavio', '', 'Octavio@gmail.com', 'ROLE_USER', 'YwPbffNL', 'YwPbffNL', 29, '', 'Bouvet Island', 'Male', 'London is a capital of Great Britain!', 'https://www.facebook.com/', 'https://www.twitter.com/', 'https://plus.google.com/', '', '', '');
INSERT INTO app_user (id, first_name, last_name, email, role, password, confirmed_password, age, city, country, gender, description, facebook_link, twitter_link, google_link, vkontakte_link, linkedIn_link, instagram_link) VALUES (41, 'Israel', '', 'Israel@ukr.net', 'ROLE_USER', 'oyooNUmL', 'oyooNUmL', 61, '', 'Saint Barthélemy', 'Male', 'London is a capital of Great Britain!', 'https://www.facebook.com/', '', '', 'https://vk.com/', 'https://plus.google.com/', 'https://www.instagram.com/');
INSERT INTO app_user (id, first_name, last_name, email, role, password, confirmed_password, age, city, country, gender, description, facebook_link, twitter_link, google_link, vkontakte_link, linkedIn_link, instagram_link) VALUES (42, 'Paris', '', 'Paris@ukr.net', 'ROLE_USER', 'JUqaPfRx', 'JUqaPfRx', 85, '', 'Jersey', 'Male', 'London is a capital of Great Britain!', '', '', 'https://plus.google.com/', '', '', '');
INSERT INTO app_user (id, first_name, last_name, email, role, password, confirmed_password, age, city, country, gender, description, facebook_link, twitter_link, google_link, vkontakte_link, linkedIn_link, instagram_link) VALUES (43, 'Ebonie', '', 'Ebonie@gmail.com', 'ROLE_USER', 'mzgzjjMV', 'mzgzjjMV', 50, '', 'Bouvet Island', 'Female', 'London is a capital of Great Britain!', 'https://www.facebook.com/', '', 'https://plus.google.com/', '', '', '');
INSERT INTO app_user (id, first_name, last_name, email, role, password, confirmed_password, age, city, country, gender, description, facebook_link, twitter_link, google_link, vkontakte_link, linkedIn_link, instagram_link) VALUES (44, 'Shawn', '', 'Shawn@ukr.net', 'ROLE_USER', 'yXoPWPoi', 'yXoPWPoi', 19, '', 'Macedonia', 'Male', 'London is a capital of Great Britain!', '', 'https://www.twitter.com/', 'https://plus.google.com/', '', 'https://plus.google.com/', '');
INSERT INTO app_user (id, first_name, last_name, email, role, password, confirmed_password, age, city, country, gender, description, facebook_link, twitter_link, google_link, vkontakte_link, linkedIn_link, instagram_link) VALUES (45, 'Pablo', '', 'Pablo@gmail.com', 'ROLE_USER', 'XQqLKeru', 'XQqLKeru', 64, '', 'Guinea-Bissau', 'Male', 'London is a capital of Great Britain!', 'https://www.facebook.com/', 'https://www.twitter.com/', '', 'https://vk.com/', 'https://plus.google.com/', 'https://www.instagram.com/');
INSERT INTO app_user (id, first_name, last_name, email, role, password, confirmed_password, age, city, country, gender, description, facebook_link, twitter_link, google_link, vkontakte_link, linkedIn_link, instagram_link) VALUES (46, 'Kasie', '', 'Kasie@mail.ru', 'ROLE_USER', 'JwUfsuZk', 'JwUfsuZk', 81, '', 'Portugal', 'Female', 'London is a capital of Great Britain!', 'https://www.facebook.com/', 'https://www.twitter.com/', 'https://plus.google.com/', '', 'https://plus.google.com/', 'https://www.instagram.com/');
INSERT INTO app_user (id, first_name, last_name, email, role, password, confirmed_password, age, city, country, gender, description, facebook_link, twitter_link, google_link, vkontakte_link, linkedIn_link, instagram_link) VALUES (47, 'Mitzi', '', 'Mitzi@mail.ru', 'ROLE_USER', 'YrjldQMq', 'YrjldQMq', 114, '', 'Israel', 'Female', 'London is a capital of Great Britain!', 'https://www.facebook.com/', '', '', 'https://vk.com/', '', 'https://www.instagram.com/');
INSERT INTO app_user (id, first_name, last_name, email, role, password, confirmed_password, age, city, country, gender, description, facebook_link, twitter_link, google_link, vkontakte_link, linkedIn_link, instagram_link) VALUES (48, 'Chiquita', '', 'Chiquita@ukr.net', 'ROLE_USER', 'lKvePJXO', 'lKvePJXO', 65, '', 'Eritrea', 'Female', 'London is a capital of Great Britain!', '', 'https://www.twitter.com/', 'https://plus.google.com/', '', '', '');
INSERT INTO app_user (id, first_name, last_name, email, role, password, confirmed_password, age, city, country, gender, description, facebook_link, twitter_link, google_link, vkontakte_link, linkedIn_link, instagram_link) VALUES (49, 'Cherish', '', 'Cherish@gmail.com', 'ROLE_USER', 'myZPvgSl', 'myZPvgSl', 30, '', 'Jersey', 'Female', 'London is a capital of Great Britain!', '', '', '', 'https://vk.com/', 'https://plus.google.com/', 'https://www.instagram.com/');
INSERT INTO app_user (id, first_name, last_name, email, role, password, confirmed_password, age, city, country, gender, description, facebook_link, twitter_link, google_link, vkontakte_link, linkedIn_link, instagram_link) VALUES (50, 'Sherlene', '', 'Sherlene@gmail.com', 'ROLE_USER', 'fMjfLrgY', 'fMjfLrgY', 90, '', 'Bolivia', 'Female', 'London is a capital of Great Britain!', '', '', 'https://plus.google.com/', '', 'https://plus.google.com/', '');
INSERT INTO app_user (id, first_name, last_name, email, role, password, confirmed_password, age, city, country, gender, description, facebook_link, twitter_link, google_link, vkontakte_link, linkedIn_link, instagram_link) VALUES (51, 'Kelsi', '', 'Kelsi@gmail.com', 'ROLE_USER', 'fdtRMOVX', 'fdtRMOVX', 103, '', 'Dominica', 'Female', 'London is a capital of Great Britain!', 'https://www.facebook.com/', 'https://www.twitter.com/', 'https://plus.google.com/', '', 'https://plus.google.com/', '');
INSERT INTO app_user (id, first_name, last_name, email, role, password, confirmed_password, age, city, country, gender, description, facebook_link, twitter_link, google_link, vkontakte_link, linkedIn_link, instagram_link) VALUES (52, 'Ebonie', '', 'Ebonie@mail.ru', 'ROLE_USER', 'ttMOPnOx', 'ttMOPnOx', 71, '', 'Macao', 'Female', 'London is a capital of Great Britain!', '', 'https://www.twitter.com/', '', '', '', '');

INSERT INTO native_language (id, name, user_id) VALUES (1, 'Azerbaijanian', 3);
INSERT INTO native_language (id, name, user_id) VALUES (2, 'Hebrew', 3);
INSERT INTO native_language (id, name, user_id) VALUES (3, 'Estonian', 3);
INSERT INTO native_language (id, name, user_id) VALUES (4, 'Yiddish', 3);
INSERT INTO native_language (id, name, user_id) VALUES (5, 'Slovak', 3);
INSERT INTO native_language (id, name, user_id) VALUES (6, 'Bengali', 3);
INSERT INTO native_language (id, name, user_id) VALUES (7, 'Flemish', 4);
INSERT INTO native_language (id, name, user_id) VALUES (8, 'Swahili', 4);
INSERT INTO native_language (id, name, user_id) VALUES (9, 'Danish', 4);
INSERT INTO native_language (id, name, user_id) VALUES (10, 'Kurdish', 4);
INSERT INTO native_language (id, name, user_id) VALUES (11, 'German', 5);
INSERT INTO native_language (id, name, user_id) VALUES (12, 'Polish', 5);
INSERT INTO native_language (id, name, user_id) VALUES (13, 'Estonian', 5);
INSERT INTO native_language (id, name, user_id) VALUES (14, 'Udmurt', 5);
INSERT INTO native_language (id, name, user_id) VALUES (15, 'Serbian', 5);
INSERT INTO native_language (id, name, user_id) VALUES (16, 'Gaelic', 6);
INSERT INTO native_language (id, name, user_id) VALUES (17, 'Hebrew', 6);
INSERT INTO native_language (id, name, user_id) VALUES (18, 'Sinhalese', 6);
INSERT INTO native_language (id, name, user_id) VALUES (19, 'Slovak', 6);
INSERT INTO native_language (id, name, user_id) VALUES (20, 'Chinese Traditional', 6);
INSERT INTO native_language (id, name, user_id) VALUES (21, 'Panjabi', 7);
INSERT INTO native_language (id, name, user_id) VALUES (22, 'Zulu', 7);
INSERT INTO native_language (id, name, user_id) VALUES (23, 'Sinhalese', 7);
INSERT INTO native_language (id, name, user_id) VALUES (24, 'Bihari', 7);
INSERT INTO native_language (id, name, user_id) VALUES (25, 'Khmer', 7);
INSERT INTO native_language (id, name, user_id) VALUES (26, 'Croatian', 7);
INSERT INTO native_language (id, name, user_id) VALUES (27, 'Serbian', 8);
INSERT INTO native_language (id, name, user_id) VALUES (28, 'Sanskrit', 8);
INSERT INTO native_language (id, name, user_id) VALUES (29, 'Tibetan', 9);
INSERT INTO native_language (id, name, user_id) VALUES (30, 'Burmese', 9);
INSERT INTO native_language (id, name, user_id) VALUES (31, 'German', 9);
INSERT INTO native_language (id, name, user_id) VALUES (32, 'Slovenian', 10);
INSERT INTO native_language (id, name, user_id) VALUES (33, 'Tamil', 10);
INSERT INTO native_language (id, name, user_id) VALUES (34, 'Persian', 10);
INSERT INTO native_language (id, name, user_id) VALUES (35, 'Italian', 10);
INSERT INTO native_language (id, name, user_id) VALUES (36, 'Turkmen', 11);
INSERT INTO native_language (id, name, user_id) VALUES (37, 'Bosnian', 11);
INSERT INTO native_language (id, name, user_id) VALUES (38, 'Indonesian', 12);
INSERT INTO native_language (id, name, user_id) VALUES (39, 'Chinese Traditional', 12);
INSERT INTO native_language (id, name, user_id) VALUES (40, 'Armenian', 12);
INSERT INTO native_language (id, name, user_id) VALUES (41, 'Danish', 13);
INSERT INTO native_language (id, name, user_id) VALUES (42, 'Italian', 13);
INSERT INTO native_language (id, name, user_id) VALUES (43, 'Lojban', 13);
INSERT INTO native_language (id, name, user_id) VALUES (44, 'Uzbek', 13);
INSERT INTO native_language (id, name, user_id) VALUES (45, 'Portuguese (Brazil)', 14);
INSERT INTO native_language (id, name, user_id) VALUES (46, 'Kannada', 14);
INSERT INTO native_language (id, name, user_id) VALUES (47, 'Romani', 14);
INSERT INTO native_language (id, name, user_id) VALUES (48, 'Polish', 14);
INSERT INTO native_language (id, name, user_id) VALUES (49, 'Thai', 14);
INSERT INTO native_language (id, name, user_id) VALUES (50, 'German', 15);
INSERT INTO native_language (id, name, user_id) VALUES (51, 'Khmer', 15);
INSERT INTO native_language (id, name, user_id) VALUES (52, 'Hindi', 15);
INSERT INTO native_language (id, name, user_id) VALUES (53, 'Navajo', 15);
INSERT INTO native_language (id, name, user_id) VALUES (54, 'Japanese', 15);
INSERT INTO native_language (id, name, user_id) VALUES (55, 'Turkish', 15);
INSERT INTO native_language (id, name, user_id) VALUES (56, 'Laotian', 16);
INSERT INTO native_language (id, name, user_id) VALUES (57, 'Urdu', 16);
INSERT INTO native_language (id, name, user_id) VALUES (58, 'Polish', 16);
INSERT INTO native_language (id, name, user_id) VALUES (59, 'Italian', 16);
INSERT INTO native_language (id, name, user_id) VALUES (60, 'Uyghur', 17);
INSERT INTO native_language (id, name, user_id) VALUES (61, 'Slavic', 17);
INSERT INTO native_language (id, name, user_id) VALUES (62, 'Navajo', 17);
INSERT INTO native_language (id, name, user_id) VALUES (63, 'Javanese', 18);
INSERT INTO native_language (id, name, user_id) VALUES (64, 'Hawaiian', 18);
INSERT INTO native_language (id, name, user_id) VALUES (65, 'Romanian', 18);
INSERT INTO native_language (id, name, user_id) VALUES (66, 'Panjabi', 18);
INSERT INTO native_language (id, name, user_id) VALUES (67, 'Mandarin', 19);
INSERT INTO native_language (id, name, user_id) VALUES (68, 'Basque', 19);
INSERT INTO native_language (id, name, user_id) VALUES (69, 'Kirghiz', 20);
INSERT INTO native_language (id, name, user_id) VALUES (70, 'Portuguese (Brazil)', 20);
INSERT INTO native_language (id, name, user_id) VALUES (71, 'Croatian', 20);
INSERT INTO native_language (id, name, user_id) VALUES (72, 'Welsh', 21);
INSERT INTO native_language (id, name, user_id) VALUES (73, 'Pashto', 21);
INSERT INTO native_language (id, name, user_id) VALUES (74, 'Uzbek', 22);
INSERT INTO native_language (id, name, user_id) VALUES (75, 'Cantonese', 22);
INSERT INTO native_language (id, name, user_id) VALUES (76, 'Slavic', 22);
INSERT INTO native_language (id, name, user_id) VALUES (77, 'Swahili', 22);
INSERT INTO native_language (id, name, user_id) VALUES (78, 'Catalan', 22);
INSERT INTO native_language (id, name, user_id) VALUES (79, 'Russian', 23);
INSERT INTO native_language (id, name, user_id) VALUES (80, 'Tibetan', 23);
INSERT INTO native_language (id, name, user_id) VALUES (81, 'Turkish', 23);
INSERT INTO native_language (id, name, user_id) VALUES (82, 'Slovak', 24);
INSERT INTO native_language (id, name, user_id) VALUES (83, 'Laotian', 24);
INSERT INTO native_language (id, name, user_id) VALUES (84, 'Armenian', 25);
INSERT INTO native_language (id, name, user_id) VALUES (85, 'Bengali', 25);
INSERT INTO native_language (id, name, user_id) VALUES (86, 'Malay', 25);
INSERT INTO native_language (id, name, user_id) VALUES (87, 'Persian', 25);
INSERT INTO native_language (id, name, user_id) VALUES (88, 'English', 25);
INSERT INTO native_language (id, name, user_id) VALUES (89, 'Catalan', 26);
INSERT INTO native_language (id, name, user_id) VALUES (90, 'Turkish', 26);
INSERT INTO native_language (id, name, user_id) VALUES (91, 'Slavic', 26);
INSERT INTO native_language (id, name, user_id) VALUES (92, 'Basque', 26);
INSERT INTO native_language (id, name, user_id) VALUES (93, 'Spanish', 27);
INSERT INTO native_language (id, name, user_id) VALUES (94, 'Slovenian', 27);
INSERT INTO native_language (id, name, user_id) VALUES (95, 'Bengali', 27);
INSERT INTO native_language (id, name, user_id) VALUES (96, 'Breton', 27);
INSERT INTO native_language (id, name, user_id) VALUES (97, 'Romanian', 27);
INSERT INTO native_language (id, name, user_id) VALUES (98, 'Slovak', 28);
INSERT INTO native_language (id, name, user_id) VALUES (99, 'Malay', 28);
INSERT INTO native_language (id, name, user_id) VALUES (100, 'Navajo', 28);
INSERT INTO native_language (id, name, user_id) VALUES (101, 'Russian', 29);
INSERT INTO native_language (id, name, user_id) VALUES (102, 'Sanskrit', 29);
INSERT INTO native_language (id, name, user_id) VALUES (103, 'Ossetic', 29);
INSERT INTO native_language (id, name, user_id) VALUES (104, 'Haitian', 30);
INSERT INTO native_language (id, name, user_id) VALUES (105, 'Irish', 30);
INSERT INTO native_language (id, name, user_id) VALUES (106, 'Hawaiian', 30);
INSERT INTO native_language (id, name, user_id) VALUES (107, 'Azerbaijanian', 31);
INSERT INTO native_language (id, name, user_id) VALUES (108, 'Korean', 31);
INSERT INTO native_language (id, name, user_id) VALUES (109, 'Haitian', 31);
INSERT INTO native_language (id, name, user_id) VALUES (110, 'Italian', 31);
INSERT INTO native_language (id, name, user_id) VALUES (111, 'Macedonian', 31);
INSERT INTO native_language (id, name, user_id) VALUES (112, 'Romani', 32);
INSERT INTO native_language (id, name, user_id) VALUES (113, 'Mandarin', 32);
INSERT INTO native_language (id, name, user_id) VALUES (114, 'Hindi', 32);
INSERT INTO native_language (id, name, user_id) VALUES (115, 'Basque', 32);
INSERT INTO native_language (id, name, user_id) VALUES (116, 'Armenian', 32);
INSERT INTO native_language (id, name, user_id) VALUES (117, 'Slavic', 32);
INSERT INTO native_language (id, name, user_id) VALUES (118, 'Korean', 33);
INSERT INTO native_language (id, name, user_id) VALUES (119, 'Haitian', 33);
INSERT INTO native_language (id, name, user_id) VALUES (120, 'Malay', 33);
INSERT INTO native_language (id, name, user_id) VALUES (121, 'Finnish', 34);
INSERT INTO native_language (id, name, user_id) VALUES (122, 'Gaelic', 34);
INSERT INTO native_language (id, name, user_id) VALUES (123, 'Tongan', 34);
INSERT INTO native_language (id, name, user_id) VALUES (124, 'Norwegian', 34);
INSERT INTO native_language (id, name, user_id) VALUES (125, 'Icelandic', 34);
INSERT INTO native_language (id, name, user_id) VALUES (126, 'Laotian', 34);
INSERT INTO native_language (id, name, user_id) VALUES (127, 'Bihari', 35);
INSERT INTO native_language (id, name, user_id) VALUES (128, 'Icelandic', 35);
INSERT INTO native_language (id, name, user_id) VALUES (129, 'Romanian', 35);
INSERT INTO native_language (id, name, user_id) VALUES (130, 'Croatian', 35);
INSERT INTO native_language (id, name, user_id) VALUES (131, 'Hindi', 36);
INSERT INTO native_language (id, name, user_id) VALUES (132, 'Tamil', 36);
INSERT INTO native_language (id, name, user_id) VALUES (133, 'Tagalog', 36);
INSERT INTO native_language (id, name, user_id) VALUES (134, 'Portuguese (Brazil)', 36);
INSERT INTO native_language (id, name, user_id) VALUES (135, 'Icelandic', 36);
INSERT INTO native_language (id, name, user_id) VALUES (136, 'Sanskrit', 36);
INSERT INTO native_language (id, name, user_id) VALUES (137, 'Slovak', 37);
INSERT INTO native_language (id, name, user_id) VALUES (138, 'Norwegian', 37);
INSERT INTO native_language (id, name, user_id) VALUES (139, 'Sanskrit', 37);
INSERT INTO native_language (id, name, user_id) VALUES (140, 'Khmer', 38);
INSERT INTO native_language (id, name, user_id) VALUES (141, 'Uzbek', 38);
INSERT INTO native_language (id, name, user_id) VALUES (142, 'Burmese', 39);
INSERT INTO native_language (id, name, user_id) VALUES (143, 'Bengali', 39);
INSERT INTO native_language (id, name, user_id) VALUES (144, 'Navajo', 39);
INSERT INTO native_language (id, name, user_id) VALUES (145, 'Finnish', 39);
INSERT INTO native_language (id, name, user_id) VALUES (146, 'Slavic', 39);
INSERT INTO native_language (id, name, user_id) VALUES (147, 'Slavic', 40);
INSERT INTO native_language (id, name, user_id) VALUES (148, 'Hungarian', 40);
INSERT INTO native_language (id, name, user_id) VALUES (149, 'Latin', 40);
INSERT INTO native_language (id, name, user_id) VALUES (150, 'Polish', 40);
INSERT INTO native_language (id, name, user_id) VALUES (151, 'Bihari', 40);
INSERT INTO native_language (id, name, user_id) VALUES (152, 'Kirghiz', 40);
INSERT INTO native_language (id, name, user_id) VALUES (153, 'Laotian', 41);
INSERT INTO native_language (id, name, user_id) VALUES (154, 'Burmese', 41);
INSERT INTO native_language (id, name, user_id) VALUES (155, 'Hawaiian', 42);
INSERT INTO native_language (id, name, user_id) VALUES (156, 'Armenian', 42);
INSERT INTO native_language (id, name, user_id) VALUES (157, 'German', 42);
INSERT INTO native_language (id, name, user_id) VALUES (158, 'Mandarin', 42);
INSERT INTO native_language (id, name, user_id) VALUES (159, 'Lithuanian', 43);
INSERT INTO native_language (id, name, user_id) VALUES (160, 'Greek', 43);
INSERT INTO native_language (id, name, user_id) VALUES (161, 'Serbian', 43);
INSERT INTO native_language (id, name, user_id) VALUES (162, 'Marathi', 44);
INSERT INTO native_language (id, name, user_id) VALUES (163, 'Hungarian', 44);
INSERT INTO native_language (id, name, user_id) VALUES (164, 'Lithuanian', 44);
INSERT INTO native_language (id, name, user_id) VALUES (165, 'Spanish', 44);
INSERT INTO native_language (id, name, user_id) VALUES (166, 'Bosnian', 44);
INSERT INTO native_language (id, name, user_id) VALUES (167, 'Japanese', 44);
INSERT INTO native_language (id, name, user_id) VALUES (168, 'Sinhalese', 45);
INSERT INTO native_language (id, name, user_id) VALUES (169, 'Laotian', 45);
INSERT INTO native_language (id, name, user_id) VALUES (170, 'Portuguese (Brazil)', 46);
INSERT INTO native_language (id, name, user_id) VALUES (171, 'Khmer', 46);
INSERT INTO native_language (id, name, user_id) VALUES (172, 'Udmurt', 46);
INSERT INTO native_language (id, name, user_id) VALUES (173, 'Javanese', 46);
INSERT INTO native_language (id, name, user_id) VALUES (174, 'Welsh', 46);
INSERT INTO native_language (id, name, user_id) VALUES (175, 'Irish', 47);
INSERT INTO native_language (id, name, user_id) VALUES (176, 'Bosnian', 47);
INSERT INTO native_language (id, name, user_id) VALUES (177, 'Armenian', 47);
INSERT INTO native_language (id, name, user_id) VALUES (178, 'Yiddish', 47);
INSERT INTO native_language (id, name, user_id) VALUES (179, 'Ossetic', 48);
INSERT INTO native_language (id, name, user_id) VALUES (180, 'Uzbek', 48);
INSERT INTO native_language (id, name, user_id) VALUES (181, 'Laotian', 49);
INSERT INTO native_language (id, name, user_id) VALUES (182, 'Icelandic', 49);
INSERT INTO native_language (id, name, user_id) VALUES (183, 'Bihari', 49);
INSERT INTO native_language (id, name, user_id) VALUES (184, 'Mongolian', 49);
INSERT INTO native_language (id, name, user_id) VALUES (185, 'Sanskrit', 50);
INSERT INTO native_language (id, name, user_id) VALUES (186, 'Chinese Traditional', 50);
INSERT INTO native_language (id, name, user_id) VALUES (187, 'Serbian', 50);
INSERT INTO native_language (id, name, user_id) VALUES (188, 'Esperanto', 50);
INSERT INTO native_language (id, name, user_id) VALUES (189, 'Armenian', 50);
INSERT INTO native_language (id, name, user_id) VALUES (190, 'Russian', 50);
INSERT INTO native_language (id, name, user_id) VALUES (191, 'Afrikans', 51);
INSERT INTO native_language (id, name, user_id) VALUES (192, 'Mandarin', 51);
INSERT INTO native_language (id, name, user_id) VALUES (193, 'Swedish', 52);
INSERT INTO native_language (id, name, user_id) VALUES (194, 'Slavic', 52);
INSERT INTO native_language (id, name, user_id) VALUES (195, 'Czech', 52);
INSERT INTO native_language (id, name, user_id) VALUES (196, 'Panjabi', 52);
INSERT INTO native_language (id, name, user_id) VALUES (197, 'Maltese', 52);

INSERT INTO practicing_language (id, name, user_id) VALUES (1, 'Japanese', 3);
INSERT INTO practicing_language (id, name, user_id) VALUES (2, 'Swahili', 3);
INSERT INTO practicing_language (id, name, user_id) VALUES (3, 'Malay', 3);
INSERT INTO practicing_language (id, name, user_id) VALUES (4, 'Flemish', 3);
INSERT INTO practicing_language (id, name, user_id) VALUES (5, 'Telugu', 3);
INSERT INTO practicing_language (id, name, user_id) VALUES (6, 'Danish', 3);
INSERT INTO practicing_language (id, name, user_id) VALUES (7, 'Maltese', 4);
INSERT INTO practicing_language (id, name, user_id) VALUES (8, 'Swahili', 4);
INSERT INTO practicing_language (id, name, user_id) VALUES (9, 'Norwegian', 5);
INSERT INTO practicing_language (id, name, user_id) VALUES (10, 'Spanish', 5);
INSERT INTO practicing_language (id, name, user_id) VALUES (11, 'Thai', 5);
INSERT INTO practicing_language (id, name, user_id) VALUES (12, 'Portuguese (Portugal)', 5);
INSERT INTO practicing_language (id, name, user_id) VALUES (13, 'Hungarian', 6);
INSERT INTO practicing_language (id, name, user_id) VALUES (14, 'Norwegian', 6);
INSERT INTO practicing_language (id, name, user_id) VALUES (15, 'Estonian', 6);
INSERT INTO practicing_language (id, name, user_id) VALUES (16, 'Korean', 6);
INSERT INTO practicing_language (id, name, user_id) VALUES (17, 'Khmer', 7);
INSERT INTO practicing_language (id, name, user_id) VALUES (18, 'Panjabi', 7);
INSERT INTO practicing_language (id, name, user_id) VALUES (19, 'Urdu', 7);
INSERT INTO practicing_language (id, name, user_id) VALUES (20, 'Ukrainian', 8);
INSERT INTO practicing_language (id, name, user_id) VALUES (21, 'Urdu', 8);
INSERT INTO practicing_language (id, name, user_id) VALUES (22, 'Tongan', 9);
INSERT INTO practicing_language (id, name, user_id) VALUES (23, 'Irish', 9);
INSERT INTO practicing_language (id, name, user_id) VALUES (24, 'Finnish', 9);
INSERT INTO practicing_language (id, name, user_id) VALUES (25, 'Esperanto', 10);
INSERT INTO practicing_language (id, name, user_id) VALUES (26, 'Bulgarian', 10);
INSERT INTO practicing_language (id, name, user_id) VALUES (27, 'Lithuanian', 10);
INSERT INTO practicing_language (id, name, user_id) VALUES (28, 'Malay', 10);
INSERT INTO practicing_language (id, name, user_id) VALUES (29, 'Tagalog', 10);
INSERT INTO practicing_language (id, name, user_id) VALUES (30, 'Yiddish', 10);
INSERT INTO practicing_language (id, name, user_id) VALUES (31, 'Vietnamese', 11);
INSERT INTO practicing_language (id, name, user_id) VALUES (32, 'Indonesian', 11);
INSERT INTO practicing_language (id, name, user_id) VALUES (33, 'Romanian', 11);
INSERT INTO practicing_language (id, name, user_id) VALUES (34, 'Danish', 11);
INSERT INTO practicing_language (id, name, user_id) VALUES (35, 'Tongan', 11);
INSERT INTO practicing_language (id, name, user_id) VALUES (36, 'Polish', 11);
INSERT INTO practicing_language (id, name, user_id) VALUES (37, 'Maltese', 12);
INSERT INTO practicing_language (id, name, user_id) VALUES (38, 'Tibetan', 12);
INSERT INTO practicing_language (id, name, user_id) VALUES (39, 'Tongan', 12);
INSERT INTO practicing_language (id, name, user_id) VALUES (40, 'Slavic', 12);
INSERT INTO practicing_language (id, name, user_id) VALUES (41, 'Romanian', 13);
INSERT INTO practicing_language (id, name, user_id) VALUES (42, 'Bosnian', 13);
INSERT INTO practicing_language (id, name, user_id) VALUES (43, 'Slovak', 13);
INSERT INTO practicing_language (id, name, user_id) VALUES (44, 'Slovak', 14);
INSERT INTO practicing_language (id, name, user_id) VALUES (45, 'Hungarian', 14);
INSERT INTO practicing_language (id, name, user_id) VALUES (46, 'Vietnamese', 14);
INSERT INTO practicing_language (id, name, user_id) VALUES (47, 'Faroese', 14);
INSERT INTO practicing_language (id, name, user_id) VALUES (48, 'Afrikans', 14);
INSERT INTO practicing_language (id, name, user_id) VALUES (49, 'Macedonian', 15);
INSERT INTO practicing_language (id, name, user_id) VALUES (50, 'Bulgarian', 15);
INSERT INTO practicing_language (id, name, user_id) VALUES (51, 'Greek', 15);
INSERT INTO practicing_language (id, name, user_id) VALUES (52, 'Sanskrit', 16);
INSERT INTO practicing_language (id, name, user_id) VALUES (53, 'Greek', 16);
INSERT INTO practicing_language (id, name, user_id) VALUES (54, 'Hindi', 16);
INSERT INTO practicing_language (id, name, user_id) VALUES (55, 'Panjabi', 16);
INSERT INTO practicing_language (id, name, user_id) VALUES (56, 'Hebrew', 16);
INSERT INTO practicing_language (id, name, user_id) VALUES (57, 'Basque', 17);
INSERT INTO practicing_language (id, name, user_id) VALUES (58, 'Burmese', 17);
INSERT INTO practicing_language (id, name, user_id) VALUES (59, 'Udmurt', 17);
INSERT INTO practicing_language (id, name, user_id) VALUES (60, 'Swedish', 17);
INSERT INTO practicing_language (id, name, user_id) VALUES (61, 'Ainu', 17);
INSERT INTO practicing_language (id, name, user_id) VALUES (62, 'Panjabi', 18);
INSERT INTO practicing_language (id, name, user_id) VALUES (63, 'English', 18);
INSERT INTO practicing_language (id, name, user_id) VALUES (64, 'Cantonese', 18);
INSERT INTO practicing_language (id, name, user_id) VALUES (65, 'Greek', 18);
INSERT INTO practicing_language (id, name, user_id) VALUES (66, 'Tagalog', 18);
INSERT INTO practicing_language (id, name, user_id) VALUES (67, 'Norwegian', 18);
INSERT INTO practicing_language (id, name, user_id) VALUES (68, 'Burmese', 19);
INSERT INTO practicing_language (id, name, user_id) VALUES (69, 'Vietnamese', 19);
INSERT INTO practicing_language (id, name, user_id) VALUES (70, 'Lojban', 19);
INSERT INTO practicing_language (id, name, user_id) VALUES (71, 'Catalan', 19);
INSERT INTO practicing_language (id, name, user_id) VALUES (72, 'Hawaiian', 19);
INSERT INTO practicing_language (id, name, user_id) VALUES (73, 'Norwegian', 20);
INSERT INTO practicing_language (id, name, user_id) VALUES (74, 'Vietnamese', 20);
INSERT INTO practicing_language (id, name, user_id) VALUES (75, 'Finnish', 20);
INSERT INTO practicing_language (id, name, user_id) VALUES (76, 'Javanese', 20);
INSERT INTO practicing_language (id, name, user_id) VALUES (77, 'Maltese', 20);
INSERT INTO practicing_language (id, name, user_id) VALUES (78, 'Catalan', 20);
INSERT INTO practicing_language (id, name, user_id) VALUES (79, 'Basque', 21);
INSERT INTO practicing_language (id, name, user_id) VALUES (80, 'Korean', 21);
INSERT INTO practicing_language (id, name, user_id) VALUES (81, 'Sanskrit', 21);
INSERT INTO practicing_language (id, name, user_id) VALUES (82, 'Indonesian', 21);
INSERT INTO practicing_language (id, name, user_id) VALUES (83, 'Malay', 22);
INSERT INTO practicing_language (id, name, user_id) VALUES (84, 'Greek', 22);
INSERT INTO practicing_language (id, name, user_id) VALUES (85, 'Croatian', 22);
INSERT INTO practicing_language (id, name, user_id) VALUES (86, 'Ossetic', 22);
INSERT INTO practicing_language (id, name, user_id) VALUES (87, 'Serbian', 23);
INSERT INTO practicing_language (id, name, user_id) VALUES (88, 'Udmurt', 23);
INSERT INTO practicing_language (id, name, user_id) VALUES (89, 'Turkmen', 23);
INSERT INTO practicing_language (id, name, user_id) VALUES (90, 'Korean', 23);
INSERT INTO practicing_language (id, name, user_id) VALUES (91, 'Bengali', 24);
INSERT INTO practicing_language (id, name, user_id) VALUES (92, 'Haitian', 24);
INSERT INTO practicing_language (id, name, user_id) VALUES (93, 'Vietnamese', 24);
INSERT INTO practicing_language (id, name, user_id) VALUES (94, 'Swedish', 25);
INSERT INTO practicing_language (id, name, user_id) VALUES (95, 'Danish', 25);
INSERT INTO practicing_language (id, name, user_id) VALUES (96, 'Kurdish', 26);
INSERT INTO practicing_language (id, name, user_id) VALUES (97, 'Lithuanian', 26);
INSERT INTO practicing_language (id, name, user_id) VALUES (98, 'Romanian', 26);
INSERT INTO practicing_language (id, name, user_id) VALUES (99, 'Khmer', 26);
INSERT INTO practicing_language (id, name, user_id) VALUES (100, 'German', 26);
INSERT INTO practicing_language (id, name, user_id) VALUES (101, 'Spanish', 26);
INSERT INTO practicing_language (id, name, user_id) VALUES (102, 'Czech', 27);
INSERT INTO practicing_language (id, name, user_id) VALUES (103, 'Estonian', 27);
INSERT INTO practicing_language (id, name, user_id) VALUES (104, 'Thai', 27);
INSERT INTO practicing_language (id, name, user_id) VALUES (105, 'Greek', 27);
INSERT INTO practicing_language (id, name, user_id) VALUES (106, 'Welsh', 27);
INSERT INTO practicing_language (id, name, user_id) VALUES (107, 'Ukrainian', 27);
INSERT INTO practicing_language (id, name, user_id) VALUES (108, 'Myanmar', 28);
INSERT INTO practicing_language (id, name, user_id) VALUES (109, 'Sanskrit', 28);
INSERT INTO practicing_language (id, name, user_id) VALUES (110, 'Slovenian', 28);
INSERT INTO practicing_language (id, name, user_id) VALUES (111, 'Portuguese (Brazil)', 28);
INSERT INTO practicing_language (id, name, user_id) VALUES (112, 'Spanish', 28);
INSERT INTO practicing_language (id, name, user_id) VALUES (113, 'Kurdish', 28);
INSERT INTO practicing_language (id, name, user_id) VALUES (114, 'Ukrainian', 29);
INSERT INTO practicing_language (id, name, user_id) VALUES (115, 'Kurdish', 29);
INSERT INTO practicing_language (id, name, user_id) VALUES (116, 'Slavic', 29);
INSERT INTO practicing_language (id, name, user_id) VALUES (117, 'Portuguese (Brazil)', 30);
INSERT INTO practicing_language (id, name, user_id) VALUES (118, 'Latvian', 30);
INSERT INTO practicing_language (id, name, user_id) VALUES (119, 'Czech', 30);
INSERT INTO practicing_language (id, name, user_id) VALUES (120, 'Kurdish', 30);
INSERT INTO practicing_language (id, name, user_id) VALUES (121, 'Afrikans', 31);
INSERT INTO practicing_language (id, name, user_id) VALUES (122, 'Malay', 31);
INSERT INTO practicing_language (id, name, user_id) VALUES (123, 'Hawaiian', 31);
INSERT INTO practicing_language (id, name, user_id) VALUES (124, 'Tibetan', 31);
INSERT INTO practicing_language (id, name, user_id) VALUES (125, 'Kurdish', 31);
INSERT INTO practicing_language (id, name, user_id) VALUES (126, 'Lithuanian', 32);
INSERT INTO practicing_language (id, name, user_id) VALUES (127, 'Armenian', 32);
INSERT INTO practicing_language (id, name, user_id) VALUES (128, 'Afrikans', 32);
INSERT INTO practicing_language (id, name, user_id) VALUES (129, 'Ainu', 32);
INSERT INTO practicing_language (id, name, user_id) VALUES (130, 'Lojban', 33);
INSERT INTO practicing_language (id, name, user_id) VALUES (131, 'Spanish', 33);
INSERT INTO practicing_language (id, name, user_id) VALUES (132, 'Finnish', 34);
INSERT INTO practicing_language (id, name, user_id) VALUES (133, 'Georgian', 34);
INSERT INTO practicing_language (id, name, user_id) VALUES (134, 'Chinese Traditional', 34);
INSERT INTO practicing_language (id, name, user_id) VALUES (135, 'Ainu', 35);
INSERT INTO practicing_language (id, name, user_id) VALUES (136, 'Hebrew', 35);
INSERT INTO practicing_language (id, name, user_id) VALUES (137, 'Navajo', 36);
INSERT INTO practicing_language (id, name, user_id) VALUES (138, 'Maltese', 36);
INSERT INTO practicing_language (id, name, user_id) VALUES (139, 'Afrikans', 36);
INSERT INTO practicing_language (id, name, user_id) VALUES (140, 'Arabic', 36);
INSERT INTO practicing_language (id, name, user_id) VALUES (141, 'Greek', 36);
INSERT INTO practicing_language (id, name, user_id) VALUES (142, 'Macedonian', 37);
INSERT INTO practicing_language (id, name, user_id) VALUES (143, 'Sanskrit', 37);
INSERT INTO practicing_language (id, name, user_id) VALUES (144, 'Slovak', 37);
INSERT INTO practicing_language (id, name, user_id) VALUES (145, 'Ukrainian', 37);
INSERT INTO practicing_language (id, name, user_id) VALUES (146, 'Laotian', 38);
INSERT INTO practicing_language (id, name, user_id) VALUES (147, 'Uyghur', 38);
INSERT INTO practicing_language (id, name, user_id) VALUES (148, 'Chinese Traditional', 38);
INSERT INTO practicing_language (id, name, user_id) VALUES (149, 'Bengali', 38);
INSERT INTO practicing_language (id, name, user_id) VALUES (150, 'Pashto', 38);
INSERT INTO practicing_language (id, name, user_id) VALUES (151, 'Welsh', 38);
INSERT INTO practicing_language (id, name, user_id) VALUES (152, 'Sinhalese', 39);
INSERT INTO practicing_language (id, name, user_id) VALUES (153, 'Hawaiian', 39);
INSERT INTO practicing_language (id, name, user_id) VALUES (154, 'Esperanto', 39);
INSERT INTO practicing_language (id, name, user_id) VALUES (155, 'Irish', 39);
INSERT INTO practicing_language (id, name, user_id) VALUES (156, 'German', 39);
INSERT INTO practicing_language (id, name, user_id) VALUES (157, 'Uyghur', 40);
INSERT INTO practicing_language (id, name, user_id) VALUES (158, 'Sinhalese', 40);
INSERT INTO practicing_language (id, name, user_id) VALUES (159, 'Chinese Traditional', 40);
INSERT INTO practicing_language (id, name, user_id) VALUES (160, 'Japanese', 40);
INSERT INTO practicing_language (id, name, user_id) VALUES (161, 'Russian', 41);
INSERT INTO practicing_language (id, name, user_id) VALUES (162, 'Chinese Traditional', 41);
INSERT INTO practicing_language (id, name, user_id) VALUES (163, 'Yiddish', 41);
INSERT INTO practicing_language (id, name, user_id) VALUES (164, 'Albanian', 42);
INSERT INTO practicing_language (id, name, user_id) VALUES (165, 'Irish', 42);
INSERT INTO practicing_language (id, name, user_id) VALUES (166, 'Bihari', 42);
INSERT INTO practicing_language (id, name, user_id) VALUES (167, 'Hungarian', 43);
INSERT INTO practicing_language (id, name, user_id) VALUES (168, 'Uzbek', 43);
INSERT INTO practicing_language (id, name, user_id) VALUES (169, 'Zulu', 43);
INSERT INTO practicing_language (id, name, user_id) VALUES (170, 'Albanian', 43);
INSERT INTO practicing_language (id, name, user_id) VALUES (171, 'Indonesian', 43);
INSERT INTO practicing_language (id, name, user_id) VALUES (172, 'Romanian', 44);
INSERT INTO practicing_language (id, name, user_id) VALUES (173, 'Myanmar', 44);
INSERT INTO practicing_language (id, name, user_id) VALUES (174, 'Turkish', 44);
INSERT INTO practicing_language (id, name, user_id) VALUES (175, 'Marathi', 44);
INSERT INTO practicing_language (id, name, user_id) VALUES (176, 'Myanmar', 45);
INSERT INTO practicing_language (id, name, user_id) VALUES (177, 'Pashto', 45);
INSERT INTO practicing_language (id, name, user_id) VALUES (178, 'Kannada', 45);
INSERT INTO practicing_language (id, name, user_id) VALUES (179, 'Estonian', 45);
INSERT INTO practicing_language (id, name, user_id) VALUES (180, 'Bulgarian', 45);
INSERT INTO practicing_language (id, name, user_id) VALUES (181, 'Burmese', 45);
INSERT INTO practicing_language (id, name, user_id) VALUES (182, 'Slavic', 46);
INSERT INTO practicing_language (id, name, user_id) VALUES (183, 'Swahili', 46);
INSERT INTO practicing_language (id, name, user_id) VALUES (184, 'Georgian', 47);
INSERT INTO practicing_language (id, name, user_id) VALUES (185, 'Ainu', 47);
INSERT INTO practicing_language (id, name, user_id) VALUES (186, 'Cantonese', 47);
INSERT INTO practicing_language (id, name, user_id) VALUES (187, 'Romanian', 47);
INSERT INTO practicing_language (id, name, user_id) VALUES (188, 'Azerbaijanian', 47);
INSERT INTO practicing_language (id, name, user_id) VALUES (189, 'Khmer', 47);
INSERT INTO practicing_language (id, name, user_id) VALUES (190, 'Mandarin', 48);
INSERT INTO practicing_language (id, name, user_id) VALUES (191, 'Portuguese (Brazil)', 48);
INSERT INTO practicing_language (id, name, user_id) VALUES (192, 'Latin', 48);
INSERT INTO practicing_language (id, name, user_id) VALUES (193, 'Laotian', 48);
INSERT INTO practicing_language (id, name, user_id) VALUES (194, 'Greek', 48);
INSERT INTO practicing_language (id, name, user_id) VALUES (195, 'Tongan', 49);
INSERT INTO practicing_language (id, name, user_id) VALUES (196, 'Faroese', 49);
INSERT INTO practicing_language (id, name, user_id) VALUES (197, 'Myanmar', 49);
INSERT INTO practicing_language (id, name, user_id) VALUES (198, 'Hawaiian', 50);
INSERT INTO practicing_language (id, name, user_id) VALUES (199, 'Zulu', 50);
INSERT INTO practicing_language (id, name, user_id) VALUES (200, 'Haitian', 50);
INSERT INTO practicing_language (id, name, user_id) VALUES (201, 'Welsh', 50);
INSERT INTO practicing_language (id, name, user_id) VALUES (202, 'Afrikans', 50);
INSERT INTO practicing_language (id, name, user_id) VALUES (203, 'Thai', 50);
INSERT INTO practicing_language (id, name, user_id) VALUES (204, 'Chinese Traditional', 51);
INSERT INTO practicing_language (id, name, user_id) VALUES (205, 'Czech', 51);
INSERT INTO practicing_language (id, name, user_id) VALUES (206, 'Macedonian', 51);
INSERT INTO practicing_language (id, name, user_id) VALUES (207, 'Serbian', 51);
INSERT INTO practicing_language (id, name, user_id) VALUES (208, 'Portuguese (Brazil)', 51);
INSERT INTO practicing_language (id, name, user_id) VALUES (209, 'Bosnian', 52);
INSERT INTO practicing_language (id, name, user_id) VALUES (210, 'Kurdish', 52);
INSERT INTO practicing_language (id, name, user_id) VALUES (211, 'Latin', 52);
